checkpoint,type,acc,n
checkpoint_300000_seed228_embonly.pth,det n_p rel aux_p v_intrans aux_p v_intrans quest aux_p det n_p rel aux_p v_intrans v_intrans,1.0,947
checkpoint_300000_seed228_embonly.pth,det n_p rel aux_p v_intrans aux_p v_trans det n_p prep det n_p quest aux_p det n_p rel aux_p v_intrans v_trans det n_p prep det n_p,1.0,106
checkpoint_300000_seed228_embonly.pth,det n_p rel aux_p v_intrans aux_p v_trans det n_p prep det n_s quest aux_p det n_p rel aux_p v_intrans v_trans det n_p prep det n_s,1.0,93
checkpoint_300000_seed228_embonly.pth,det n_p rel aux_p v_intrans aux_p v_trans det n_p quest aux_p det n_p rel aux_p v_intrans v_trans det n_p,1.0,172
checkpoint_300000_seed228_embonly.pth,det n_p rel aux_p v_intrans aux_p v_trans det n_s prep det n_p quest aux_p det n_p rel aux_p v_intrans v_trans det n_s prep det n_p,1.0,86
checkpoint_300000_seed228_embonly.pth,det n_p rel aux_p v_intrans aux_p v_trans det n_s prep det n_s quest aux_p det n_p rel aux_p v_intrans v_trans det n_s prep det n_s,1.0,83
checkpoint_300000_seed228_embonly.pth,det n_p rel aux_p v_intrans aux_p v_trans det n_s quest aux_p det n_p rel aux_p v_intrans v_trans det n_s,1.0,154
checkpoint_300000_seed228_embonly.pth,det n_p rel aux_p v_trans det n_p aux_p v_intrans quest aux_p det n_p rel aux_p v_trans det n_p v_intrans,1.0,498
checkpoint_300000_seed228_embonly.pth,det n_p rel aux_p v_trans det n_p aux_p v_trans det n_p prep det n_p quest aux_p det n_p rel aux_p v_trans det n_p v_trans det n_p prep det n_p,1.0,46
checkpoint_300000_seed228_embonly.pth,det n_p rel aux_p v_trans det n_p aux_p v_trans det n_p prep det n_s quest aux_p det n_p rel aux_p v_trans det n_p v_trans det n_p prep det n_s,1.0,45
checkpoint_300000_seed228_embonly.pth,det n_p rel aux_p v_trans det n_p aux_p v_trans det n_p quest aux_p det n_p rel aux_p v_trans det n_p v_trans det n_p,1.0,83
checkpoint_300000_seed228_embonly.pth,det n_p rel aux_p v_trans det n_p aux_p v_trans det n_s prep det n_p quest aux_p det n_p rel aux_p v_trans det n_p v_trans det n_s prep det n_p,1.0,48
checkpoint_300000_seed228_embonly.pth,det n_p rel aux_p v_trans det n_p aux_p v_trans det n_s prep det n_s quest aux_p det n_p rel aux_p v_trans det n_p v_trans det n_s prep det n_s,1.0,28
checkpoint_300000_seed228_embonly.pth,det n_p rel aux_p v_trans det n_p aux_p v_trans det n_s quest aux_p det n_p rel aux_p v_trans det n_p v_trans det n_s,1.0,87
checkpoint_300000_seed228_embonly.pth,det n_p rel aux_p v_trans det n_s aux_p v_intrans quest aux_p det n_p rel aux_p v_trans det n_s v_intrans,1.0,531
checkpoint_300000_seed228_embonly.pth,det n_p rel aux_p v_trans det n_s aux_p v_trans det n_p prep det n_p quest aux_p det n_p rel aux_p v_trans det n_s v_trans det n_p prep det n_p,1.0,45
checkpoint_300000_seed228_embonly.pth,det n_p rel aux_p v_trans det n_s aux_p v_trans det n_p prep det n_s quest aux_p det n_p rel aux_p v_trans det n_s v_trans det n_p prep det n_s,1.0,31
checkpoint_300000_seed228_embonly.pth,det n_p rel aux_p v_trans det n_s aux_p v_trans det n_p quest aux_p det n_p rel aux_p v_trans det n_s v_trans det n_p,1.0,69
checkpoint_300000_seed228_embonly.pth,det n_p rel aux_p v_trans det n_s aux_p v_trans det n_s prep det n_p quest aux_p det n_p rel aux_p v_trans det n_s v_trans det n_s prep det n_p,1.0,45
checkpoint_300000_seed228_embonly.pth,det n_p rel aux_p v_trans det n_s aux_p v_trans det n_s prep det n_s quest aux_p det n_p rel aux_p v_trans det n_s v_trans det n_s prep det n_s,1.0,42
checkpoint_300000_seed228_embonly.pth,det n_p rel aux_p v_trans det n_s aux_p v_trans det n_s quest aux_p det n_p rel aux_p v_trans det n_s v_trans det n_s,1.0,93
checkpoint_300000_seed228_embonly.pth,det n_p rel det n_p aux_p v_trans aux_p v_intrans quest aux_p det n_p rel det n_p aux_p v_trans v_intrans,0.6510204081632653,980
checkpoint_300000_seed228_embonly.pth,det n_p rel det n_p aux_p v_trans aux_p v_trans det n_p prep det n_p quest aux_p det n_p rel det n_p aux_p v_trans v_trans det n_p prep det n_p,0.49382716049382713,81
checkpoint_300000_seed228_embonly.pth,det n_p rel det n_p aux_p v_trans aux_p v_trans det n_p prep det n_s quest aux_p det n_p rel det n_p aux_p v_trans v_trans det n_p prep det n_s,0.4942528735632184,87
checkpoint_300000_seed228_embonly.pth,det n_p rel det n_p aux_p v_trans aux_p v_trans det n_p quest aux_p det n_p rel det n_p aux_p v_trans v_trans det n_p,0.4662576687116564,163
checkpoint_300000_seed228_embonly.pth,det n_p rel det n_p aux_p v_trans aux_p v_trans det n_s prep det n_p quest aux_p det n_p rel det n_p aux_p v_trans v_trans det n_s prep det n_p,0.4845360824742268,97
checkpoint_300000_seed228_embonly.pth,det n_p rel det n_p aux_p v_trans aux_p v_trans det n_s prep det n_s quest aux_p det n_p rel det n_p aux_p v_trans v_trans det n_s prep det n_s,0.4861111111111111,72
checkpoint_300000_seed228_embonly.pth,det n_p rel det n_p aux_p v_trans aux_p v_trans det n_s quest aux_p det n_p rel det n_p aux_p v_trans v_trans det n_s,0.5490196078431373,153
checkpoint_300000_seed228_embonly.pth,det n_s rel aux_s v_intrans aux_s v_intrans quest aux_s det n_s rel aux_s v_intrans v_intrans,0.9989316239316239,936
checkpoint_300000_seed228_embonly.pth,det n_s rel aux_s v_intrans aux_s v_trans det n_p prep det n_p quest aux_s det n_s rel aux_s v_intrans v_trans det n_p prep det n_p,1.0,76
checkpoint_300000_seed228_embonly.pth,det n_s rel aux_s v_intrans aux_s v_trans det n_p prep det n_s quest aux_s det n_s rel aux_s v_intrans v_trans det n_p prep det n_s,1.0,75
checkpoint_300000_seed228_embonly.pth,det n_s rel aux_s v_intrans aux_s v_trans det n_p quest aux_s det n_s rel aux_s v_intrans v_trans det n_p,1.0,164
checkpoint_300000_seed228_embonly.pth,det n_s rel aux_s v_intrans aux_s v_trans det n_s prep det n_p quest aux_s det n_s rel aux_s v_intrans v_trans det n_s prep det n_p,1.0,82
checkpoint_300000_seed228_embonly.pth,det n_s rel aux_s v_intrans aux_s v_trans det n_s prep det n_s quest aux_s det n_s rel aux_s v_intrans v_trans det n_s prep det n_s,1.0,84
checkpoint_300000_seed228_embonly.pth,det n_s rel aux_s v_intrans aux_s v_trans det n_s quest aux_s det n_s rel aux_s v_intrans v_trans det n_s,1.0,146
checkpoint_300000_seed228_embonly.pth,det n_s rel aux_s v_trans det n_p aux_s v_intrans quest aux_s det n_s rel aux_s v_trans det n_p v_intrans,1.0,540
checkpoint_300000_seed228_embonly.pth,det n_s rel aux_s v_trans det n_p aux_s v_trans det n_p prep det n_p quest aux_s det n_s rel aux_s v_trans det n_p v_trans det n_p prep det n_p,1.0,56
checkpoint_300000_seed228_embonly.pth,det n_s rel aux_s v_trans det n_p aux_s v_trans det n_p prep det n_s quest aux_s det n_s rel aux_s v_trans det n_p v_trans det n_p prep det n_s,1.0,54
checkpoint_300000_seed228_embonly.pth,det n_s rel aux_s v_trans det n_p aux_s v_trans det n_p quest aux_s det n_s rel aux_s v_trans det n_p v_trans det n_p,1.0,89
checkpoint_300000_seed228_embonly.pth,det n_s rel aux_s v_trans det n_p aux_s v_trans det n_s prep det n_p quest aux_s det n_s rel aux_s v_trans det n_p v_trans det n_s prep det n_p,1.0,45
checkpoint_300000_seed228_embonly.pth,det n_s rel aux_s v_trans det n_p aux_s v_trans det n_s prep det n_s quest aux_s det n_s rel aux_s v_trans det n_p v_trans det n_s prep det n_s,1.0,47
checkpoint_300000_seed228_embonly.pth,det n_s rel aux_s v_trans det n_p aux_s v_trans det n_s quest aux_s det n_s rel aux_s v_trans det n_p v_trans det n_s,1.0,95
checkpoint_300000_seed228_embonly.pth,det n_s rel aux_s v_trans det n_s aux_s v_intrans quest aux_s det n_s rel aux_s v_trans det n_s v_intrans,1.0,484
checkpoint_300000_seed228_embonly.pth,det n_s rel aux_s v_trans det n_s aux_s v_trans det n_p prep det n_p quest aux_s det n_s rel aux_s v_trans det n_s v_trans det n_p prep det n_p,1.0,40
checkpoint_300000_seed228_embonly.pth,det n_s rel aux_s v_trans det n_s aux_s v_trans det n_p prep det n_s quest aux_s det n_s rel aux_s v_trans det n_s v_trans det n_p prep det n_s,1.0,42
checkpoint_300000_seed228_embonly.pth,det n_s rel aux_s v_trans det n_s aux_s v_trans det n_p quest aux_s det n_s rel aux_s v_trans det n_s v_trans det n_p,1.0,97
checkpoint_300000_seed228_embonly.pth,det n_s rel aux_s v_trans det n_s aux_s v_trans det n_s prep det n_p quest aux_s det n_s rel aux_s v_trans det n_s v_trans det n_s prep det n_p,1.0,46
checkpoint_300000_seed228_embonly.pth,det n_s rel aux_s v_trans det n_s aux_s v_trans det n_s prep det n_s quest aux_s det n_s rel aux_s v_trans det n_s v_trans det n_s prep det n_s,1.0,42
checkpoint_300000_seed228_embonly.pth,det n_s rel aux_s v_trans det n_s aux_s v_trans det n_s quest aux_s det n_s rel aux_s v_trans det n_s v_trans det n_s,1.0,95
checkpoint_300000_seed228_embonly.pth,det n_s rel det n_s aux_s v_trans aux_s v_intrans quest aux_s det n_s rel det n_s aux_s v_trans v_intrans,0.6398009950248756,1005
checkpoint_300000_seed228_embonly.pth,det n_s rel det n_s aux_s v_trans aux_s v_trans det n_p prep det n_p quest aux_s det n_s rel det n_s aux_s v_trans v_trans det n_p prep det n_p,0.5172413793103449,87
checkpoint_300000_seed228_embonly.pth,det n_s rel det n_s aux_s v_trans aux_s v_trans det n_p prep det n_s quest aux_s det n_s rel det n_s aux_s v_trans v_trans det n_p prep det n_s,0.6071428571428571,84
checkpoint_300000_seed228_embonly.pth,det n_s rel det n_s aux_s v_trans aux_s v_trans det n_p quest aux_s det n_s rel det n_s aux_s v_trans v_trans det n_p,0.5029940119760479,167
checkpoint_300000_seed228_embonly.pth,det n_s rel det n_s aux_s v_trans aux_s v_trans det n_s prep det n_p quest aux_s det n_s rel det n_s aux_s v_trans v_trans det n_s prep det n_p,0.49,100
checkpoint_300000_seed228_embonly.pth,det n_s rel det n_s aux_s v_trans aux_s v_trans det n_s prep det n_s quest aux_s det n_s rel det n_s aux_s v_trans v_trans det n_s prep det n_s,0.5487804878048781,82
checkpoint_300000_seed228_embonly.pth,det n_s rel det n_s aux_s v_trans aux_s v_trans det n_s quest aux_s det n_s rel det n_s aux_s v_trans v_trans det n_s,0.48,175
