checkpoint,type,acc,n,avg_dependency_distance
checkpoint_300000_seed228_embonly.pth,det n_p rel aux_p v_intrans aux_p v_intrans quest aux_p det n_p rel aux_p v_intrans v_intrans,1.0,947,2.1666666666666665
checkpoint_300000_seed228_embonly.pth,det n_p rel aux_p v_intrans aux_p v_trans det n_p prep det n_p quest aux_p det n_p rel aux_p v_intrans v_trans det n_p prep det n_p,1.0,106,2.0
checkpoint_300000_seed228_embonly.pth,det n_p rel aux_p v_intrans aux_p v_trans det n_p prep det n_s quest aux_p det n_p rel aux_p v_intrans v_trans det n_p prep det n_s,1.0,93,2.0
checkpoint_300000_seed228_embonly.pth,det n_p rel aux_p v_intrans aux_p v_trans det n_p quest aux_p det n_p rel aux_p v_intrans v_trans det n_p,1.0,172,2.0
checkpoint_300000_seed228_embonly.pth,det n_p rel aux_p v_intrans aux_p v_trans det n_s prep det n_p quest aux_p det n_p rel aux_p v_intrans v_trans det n_s prep det n_p,1.0,86,2.0
checkpoint_300000_seed228_embonly.pth,det n_p rel aux_p v_intrans aux_p v_trans det n_s prep det n_s quest aux_p det n_p rel aux_p v_intrans v_trans det n_s prep det n_s,1.0,83,2.0
checkpoint_300000_seed228_embonly.pth,det n_p rel aux_p v_intrans aux_p v_trans det n_s quest aux_p det n_p rel aux_p v_intrans v_trans det n_s,1.0,154,2.0
checkpoint_300000_seed228_embonly.pth,det n_p rel aux_p v_trans det n_p aux_p v_intrans quest aux_p det n_p rel aux_p v_trans det n_p v_intrans,1.0,498,2.25
checkpoint_300000_seed228_embonly.pth,det n_p rel aux_p v_trans det n_p aux_p v_trans det n_p prep det n_p quest aux_p det n_p rel aux_p v_trans det n_p v_trans det n_p prep det n_p,1.0,46,2.076923076923077
checkpoint_300000_seed228_embonly.pth,det n_p rel aux_p v_trans det n_p aux_p v_trans det n_p prep det n_s quest aux_p det n_p rel aux_p v_trans det n_p v_trans det n_p prep det n_s,1.0,45,2.076923076923077
checkpoint_300000_seed228_embonly.pth,det n_p rel aux_p v_trans det n_p aux_p v_trans det n_p quest aux_p det n_p rel aux_p v_trans det n_p v_trans det n_p,1.0,83,2.1
checkpoint_300000_seed228_embonly.pth,det n_p rel aux_p v_trans det n_p aux_p v_trans det n_s prep det n_p quest aux_p det n_p rel aux_p v_trans det n_p v_trans det n_s prep det n_p,1.0,48,2.076923076923077
checkpoint_300000_seed228_embonly.pth,det n_p rel aux_p v_trans det n_p aux_p v_trans det n_s prep det n_s quest aux_p det n_p rel aux_p v_trans det n_p v_trans det n_s prep det n_s,1.0,28,2.076923076923077
checkpoint_300000_seed228_embonly.pth,det n_p rel aux_p v_trans det n_p aux_p v_trans det n_s quest aux_p det n_p rel aux_p v_trans det n_p v_trans det n_s,1.0,87,2.1
checkpoint_300000_seed228_embonly.pth,det n_p rel aux_p v_trans det n_s aux_p v_intrans quest aux_p det n_p rel aux_p v_trans det n_s v_intrans,1.0,531,2.25
checkpoint_300000_seed228_embonly.pth,det n_p rel aux_p v_trans det n_s aux_p v_trans det n_p prep det n_p quest aux_p det n_p rel aux_p v_trans det n_s v_trans det n_p prep det n_p,1.0,45,2.076923076923077
checkpoint_300000_seed228_embonly.pth,det n_p rel aux_p v_trans det n_s aux_p v_trans det n_p prep det n_s quest aux_p det n_p rel aux_p v_trans det n_s v_trans det n_p prep det n_s,1.0,31,2.076923076923077
checkpoint_300000_seed228_embonly.pth,det n_p rel aux_p v_trans det n_s aux_p v_trans det n_p quest aux_p det n_p rel aux_p v_trans det n_s v_trans det n_p,1.0,69,2.1
checkpoint_300000_seed228_embonly.pth,det n_p rel aux_p v_trans det n_s aux_p v_trans det n_s prep det n_p quest aux_p det n_p rel aux_p v_trans det n_s v_trans det n_s prep det n_p,1.0,45,2.076923076923077
checkpoint_300000_seed228_embonly.pth,det n_p rel aux_p v_trans det n_s aux_p v_trans det n_s prep det n_s quest aux_p det n_p rel aux_p v_trans det n_s v_trans det n_s prep det n_s,1.0,42,2.076923076923077
checkpoint_300000_seed228_embonly.pth,det n_p rel aux_p v_trans det n_s aux_p v_trans det n_s quest aux_p det n_p rel aux_p v_trans det n_s v_trans det n_s,1.0,93,2.1
checkpoint_300000_seed228_embonly.pth,det n_p rel det n_p aux_p v_trans aux_p v_intrans quest aux_p det n_p rel det n_p aux_p v_trans v_intrans,0.6510204081632653,980,2.75
checkpoint_300000_seed228_embonly.pth,det n_p rel det n_p aux_p v_trans aux_p v_trans det n_p prep det n_p quest aux_p det n_p rel det n_p aux_p v_trans v_trans det n_p prep det n_p,0.49382716049382713,81,2.3846153846153846
checkpoint_300000_seed228_embonly.pth,det n_p rel det n_p aux_p v_trans aux_p v_trans det n_p prep det n_s quest aux_p det n_p rel det n_p aux_p v_trans v_trans det n_p prep det n_s,0.4942528735632184,87,2.3846153846153846
checkpoint_300000_seed228_embonly.pth,det n_p rel det n_p aux_p v_trans aux_p v_trans det n_p quest aux_p det n_p rel det n_p aux_p v_trans v_trans det n_p,0.4662576687116564,163,2.5
checkpoint_300000_seed228_embonly.pth,det n_p rel det n_p aux_p v_trans aux_p v_trans det n_s prep det n_p quest aux_p det n_p rel det n_p aux_p v_trans v_trans det n_s prep det n_p,0.4845360824742268,97,2.3846153846153846
checkpoint_300000_seed228_embonly.pth,det n_p rel det n_p aux_p v_trans aux_p v_trans det n_s prep det n_s quest aux_p det n_p rel det n_p aux_p v_trans v_trans det n_s prep det n_s,0.4861111111111111,72,2.3846153846153846
checkpoint_300000_seed228_embonly.pth,det n_p rel det n_p aux_p v_trans aux_p v_trans det n_s quest aux_p det n_p rel det n_p aux_p v_trans v_trans det n_s,0.5490196078431373,153,2.5
checkpoint_300000_seed228_embonly.pth,det n_s rel aux_s v_intrans aux_s v_intrans quest aux_s det n_s rel aux_s v_intrans v_intrans,0.9989316239316239,936,2.1666666666666665
checkpoint_300000_seed228_embonly.pth,det n_s rel aux_s v_intrans aux_s v_trans det n_p prep det n_p quest aux_s det n_s rel aux_s v_intrans v_trans det n_p prep det n_p,1.0,76,2.0
checkpoint_300000_seed228_embonly.pth,det n_s rel aux_s v_intrans aux_s v_trans det n_p prep det n_s quest aux_s det n_s rel aux_s v_intrans v_trans det n_p prep det n_s,1.0,75,2.0
checkpoint_300000_seed228_embonly.pth,det n_s rel aux_s v_intrans aux_s v_trans det n_p quest aux_s det n_s rel aux_s v_intrans v_trans det n_p,1.0,164,2.0
checkpoint_300000_seed228_embonly.pth,det n_s rel aux_s v_intrans aux_s v_trans det n_s prep det n_p quest aux_s det n_s rel aux_s v_intrans v_trans det n_s prep det n_p,1.0,82,2.0
checkpoint_300000_seed228_embonly.pth,det n_s rel aux_s v_intrans aux_s v_trans det n_s prep det n_s quest aux_s det n_s rel aux_s v_intrans v_trans det n_s prep det n_s,1.0,84,2.0
checkpoint_300000_seed228_embonly.pth,det n_s rel aux_s v_intrans aux_s v_trans det n_s quest aux_s det n_s rel aux_s v_intrans v_trans det n_s,1.0,146,2.0
checkpoint_300000_seed228_embonly.pth,det n_s rel aux_s v_trans det n_p aux_s v_intrans quest aux_s det n_s rel aux_s v_trans det n_p v_intrans,1.0,540,2.25
checkpoint_300000_seed228_embonly.pth,det n_s rel aux_s v_trans det n_p aux_s v_trans det n_p prep det n_p quest aux_s det n_s rel aux_s v_trans det n_p v_trans det n_p prep det n_p,1.0,56,2.076923076923077
checkpoint_300000_seed228_embonly.pth,det n_s rel aux_s v_trans det n_p aux_s v_trans det n_p prep det n_s quest aux_s det n_s rel aux_s v_trans det n_p v_trans det n_p prep det n_s,1.0,54,2.076923076923077
checkpoint_300000_seed228_embonly.pth,det n_s rel aux_s v_trans det n_p aux_s v_trans det n_p quest aux_s det n_s rel aux_s v_trans det n_p v_trans det n_p,1.0,89,2.1
checkpoint_300000_seed228_embonly.pth,det n_s rel aux_s v_trans det n_p aux_s v_trans det n_s prep det n_p quest aux_s det n_s rel aux_s v_trans det n_p v_trans det n_s prep det n_p,1.0,45,2.076923076923077
checkpoint_300000_seed228_embonly.pth,det n_s rel aux_s v_trans det n_p aux_s v_trans det n_s prep det n_s quest aux_s det n_s rel aux_s v_trans det n_p v_trans det n_s prep det n_s,1.0,47,2.076923076923077
checkpoint_300000_seed228_embonly.pth,det n_s rel aux_s v_trans det n_p aux_s v_trans det n_s quest aux_s det n_s rel aux_s v_trans det n_p v_trans det n_s,1.0,95,2.1
checkpoint_300000_seed228_embonly.pth,det n_s rel aux_s v_trans det n_s aux_s v_intrans quest aux_s det n_s rel aux_s v_trans det n_s v_intrans,1.0,484,2.25
checkpoint_300000_seed228_embonly.pth,det n_s rel aux_s v_trans det n_s aux_s v_trans det n_p prep det n_p quest aux_s det n_s rel aux_s v_trans det n_s v_trans det n_p prep det n_p,1.0,40,2.076923076923077
checkpoint_300000_seed228_embonly.pth,det n_s rel aux_s v_trans det n_s aux_s v_trans det n_p prep det n_s quest aux_s det n_s rel aux_s v_trans det n_s v_trans det n_p prep det n_s,1.0,42,2.076923076923077
checkpoint_300000_seed228_embonly.pth,det n_s rel aux_s v_trans det n_s aux_s v_trans det n_p quest aux_s det n_s rel aux_s v_trans det n_s v_trans det n_p,1.0,97,2.1
checkpoint_300000_seed228_embonly.pth,det n_s rel aux_s v_trans det n_s aux_s v_trans det n_s prep det n_p quest aux_s det n_s rel aux_s v_trans det n_s v_trans det n_s prep det n_p,1.0,46,2.076923076923077
checkpoint_300000_seed228_embonly.pth,det n_s rel aux_s v_trans det n_s aux_s v_trans det n_s prep det n_s quest aux_s det n_s rel aux_s v_trans det n_s v_trans det n_s prep det n_s,1.0,42,2.076923076923077
checkpoint_300000_seed228_embonly.pth,det n_s rel aux_s v_trans det n_s aux_s v_trans det n_s quest aux_s det n_s rel aux_s v_trans det n_s v_trans det n_s,1.0,95,2.1
checkpoint_300000_seed228_embonly.pth,det n_s rel det n_s aux_s v_trans aux_s v_intrans quest aux_s det n_s rel det n_s aux_s v_trans v_intrans,0.6398009950248756,1005,2.75
checkpoint_300000_seed228_embonly.pth,det n_s rel det n_s aux_s v_trans aux_s v_trans det n_p prep det n_p quest aux_s det n_s rel det n_s aux_s v_trans v_trans det n_p prep det n_p,0.5172413793103449,87,2.3846153846153846
checkpoint_300000_seed228_embonly.pth,det n_s rel det n_s aux_s v_trans aux_s v_trans det n_p prep det n_s quest aux_s det n_s rel det n_s aux_s v_trans v_trans det n_p prep det n_s,0.6071428571428571,84,2.3846153846153846
checkpoint_300000_seed228_embonly.pth,det n_s rel det n_s aux_s v_trans aux_s v_trans det n_p quest aux_s det n_s rel det n_s aux_s v_trans v_trans det n_p,0.5029940119760479,167,2.5
checkpoint_300000_seed228_embonly.pth,det n_s rel det n_s aux_s v_trans aux_s v_trans det n_s prep det n_p quest aux_s det n_s rel det n_s aux_s v_trans v_trans det n_s prep det n_p,0.49,100,2.3846153846153846
checkpoint_300000_seed228_embonly.pth,det n_s rel det n_s aux_s v_trans aux_s v_trans det n_s prep det n_s quest aux_s det n_s rel det n_s aux_s v_trans v_trans det n_s prep det n_s,0.5487804878048781,82,2.3846153846153846
checkpoint_300000_seed228_embonly.pth,det n_s rel det n_s aux_s v_trans aux_s v_trans det n_s quest aux_s det n_s rel det n_s aux_s v_trans v_trans det n_s,0.48,175,2.5
